Guisado Salazar;Federico;bshrs42_@outlook.com;976209326;00955547;7429816801221469;139;10/2024
Flores Florez;Vanessa;ihyql92_@hotmail.com;990716096;61842727;9643242507151872;975;3/2026
Martin Leiva;Angela;ymybf73_@outlook.com;981522520;66032789;0647289877134017;365;7/2024
Paez Zapata;Gloria;xdroy19_@hotmail.com;914497389;12907452;5164777929507857;486;11/2025
Guerrero Aguilera;Teresa;jebdk17_@yahoo.com;992957589;34521025;9480126710145425;858;5/2029
Quispe Estevez;Ashley;ptbui98_@gmail.com;958099439;10304068;1601887811361611;696;3/2026
Crespo Diaz;Jaime;mdtet55_@yahoo.com;978408298;24558024;9705194980950053;637;9/2026
Perez Perez;Adriana;fkudg69_@hotmail.com;911499847;82313602;3228311572756476;888;8/2026
Calvo Calvo;Andrea;eejbc24_@gmail.com;938435973;33080414;5868068789428529;271;3/2026
Castaneda Osorio;Gabriela;xxuxx40_@outlook.com;927968470;27781211;9330784988638358;968;9/2025
Lopez Figueroa;Norma;wygbj20_@gmail.com;973250834;16392742;6785228392750869;383;2/2024
Cuevas Bustos;Francisca;dpjww62_@outlook.com;912397678;97791870;2965936506129266;007;7/2024
Quevedo Pacheco;Claudia;xkypj17_@yahoo.com;911418967;13491667;5210952712693881;184;8/2028
Lopez Santiago;Roberto;uxbll66_@gmail.com;980264755;02179993;0183015956132916;155;11/2025
Gallego Sanchez;Francisca;qvjpk23_@yahoo.com;977590534;56278551;1472361563163686;312;3/2027
Salazar Moreno;Victor;nyvza75_@gmail.com;913401613;28441049;4296667638480969;119;5/2026
Madera Pascual;Renato;hznyu04_@gmail.com;987811005;26018482;9094274346889372;789;11/2025
Llamas Valdez;Eva;dctif05_@yahoo.com;937914034;16149153;7082910661726754;866;6/2029
De la Cruz Bustos;Cristina;ipyva93_@gmail.com;912712960;46831923;9331882144601208;323;10/2028
Solano Perez;Eduardo;sjgxe10_@hotmail.com;957615538;06738092;7656489079606515;479;4/2024
Carmona Castro;Paula;ksmdk39_@hotmail.com;919622896;07420634;6025081683661337;889;1/2024
Mendez Guirado;Raul;lmcsj49_@outlook.com;920995898;07419082;1075641043995970;579;5/2029
Maldonado Castro;Monica;sgjul91_@outlook.com;943150437;55672773;7325196541992850;278;6/2029
Guirado Galvez;Monica;amhqo25_@gmail.com;951293271;36839204;9904912393617165;256;2/2026
Florez Almanza;Victoria;ykoag76_@yahoo.com;904880326;78029849;6971505768880516;495;6/2027
Martinez Avalos;Patricia;fyecz64_@gmail.com;928588163;35433387;7731525580133082;653;1/2029
Vargas Pineda;Andres;vtzyq65_@outlook.com;943579901;11170038;7357116081269635;850;2/2027
Flores Gomez;Claudia;omzfh45_@yahoo.com;986928072;12004616;8601143051331160;476;5/2029
Dominguez Briones;Julian;ndgec91_@outlook.com;904881041;70979118;0642057206323213;917;5/2029
Vaca Valero;Graciela;lvowg27_@hotmail.com;942432034;08691980;6199586576193851;014;5/2025